tweet-id,user,fullname,text,day_timestamp,day_average_sentiment,timestamp,likes,replies,retweets
979326715272065024,realDonaldTrump,Donald J. Trump,"I have stated my concerns with Amazon long before the Election. Unlike others, they pay little or no taxes to state & local governments, use our Postal System as their Delivery Boy (causing tremendous loss to the U.S.), and are putting many thousands of retailers out of business!",2018-03-29,-0.4962,2018-03-29 11:57:38,124038,50936,30963
980063581592047617,realDonaldTrump,Donald J. Trump,"While we are on the subject, it is reported that the U.S. Post Office will lose $1.50 on average for each package it delivers for Amazon. That amounts to Billions of Dollars. The Failing N.Y. Times reports that “the size of the company’s lobbying staff has ballooned,” and that...",2018-03-31,-0.5988,2018-03-31 12:45:41,78268,23638,20093
980065419632566272,realDonaldTrump,Donald J. Trump,"...does not include the Fake Washington Post, which is used as a “lobbyist” and should so  REGISTER. If the P.O. “increased its parcel rates, Amazon’s shipping costs would rise by $2.6 Billion.” This Post Office scam must stop. Amazon must pay real costs (and taxes) now!",2018-03-31,-0.5988,2018-03-31 12:52:59,85469,29263,20960
980800783313702918,realDonaldTrump,Donald J. Trump,"Only fools, or worse, are saying that our money losing Post Office makes money with Amazon. THEY LOSE A FORTUNE, and this will be changed. Also, our fully tax paying retailers are closing stores all over the country...not a level playing field!",2018-04-02,-0.8786,2018-04-02 13:35:03,73648,24415,17072
981168344924536832,realDonaldTrump,Donald J. Trump,I am right about Amazon costing the United States Post Office massive amounts of money for being their Delivery Boy. Amazon should pay these costs (plus) and not have them bourne by the American Taxpayer. Many billions of dollars. P.O. leaders don’t have a clue (or do they?)!,2018-04-03,0.6239,2018-04-03 13:55:37,80145,48945,18774
981881669593559040,realDonaldTrump,Donald J. Trump,"The Fake News Washington Post, Amazon’s “chief lobbyist,” has another (of many) phony headlines, “Trump Defiant As China Adds Trade Penalties.” WRONG! Should read, “Trump Defiant as U.S. Adds Trade Penalties, Will End Barriers And Massive  I.P. Theft.” Typically bad reporting!",2018-04-05,-0.9302,2018-04-05 13:10:07,88741,26036,22903
1015586529484443648,realDonaldTrump,Donald J. Trump,"Twitter is getting rid of fake accounts at a record pace. Will that include the Failing New York Times and propaganda machine for Amazon, the Washington Post, who constantly quote anonymous sources that, in my opinion, don’t exist - They will both be out of business in 7 years!",2018-07-07,-0.7901,2018-07-07 13:21:11,122141,47071,28446
1021384752136409088,realDonaldTrump,Donald J. Trump,"The Amazon Washington Post has gone crazy against me ever since they lost the Internet Tax Case in the U.S. Supreme Court two months ago. Next up is the U.S. Post Office which they use, at a fraction of real cost, as their “delivery boy” for a BIG percentage of their packages....",2018-07-23,0.0,2018-07-23 13:21:15,82982,19317,19573
1021388295618682881,realDonaldTrump,Donald J. Trump,....In my opinion the Washington Post is nothing more than an expensive (the paper loses a fortune) lobbyist for Amazon. Is it used as protection against antitrust claims which many feel should be brought?,2018-07-23,0.0,2018-07-23 13:35:20,80100,32339,17665
1023646669685104641,realDonaldTrump,Donald J. Trump,...and the Amazon Washington Post do nothing but write bad stories even on very positive achievements - and they will never change!,2018-07-29,0.8947,2018-07-29 19:09:19,64897,11387,14066
1024877011775500290,realDonaldTrump,Donald J. Trump,"Congratulations to  @GreggJarrett on The TREMENDOUS success of his just out book, “The Russia Hoax, The Illicit Scheme To Clear Hillary Clinton & Frame Donald Trump.” Already number one on Amazon. Hard work from a brilliant guy. It’s the Real Story of the Rigged Witch Hunt!",2018-08-02,0.8687,2018-08-02 04:38:15,68861,13219,16556
1025577505615503360,realDonaldTrump,Donald J. Trump,"Congratulations to Gregg Jarrett on his book, “THE RUSSIA HOAX, THE ILLICIT SCHEME TO CLEAR HILLARY CLINTON AND FRAME DONALD TRUMP,” going to #1 on @nytimes and Amazon. It is indeed a HOAX and WITCH HUNT, illegally started by people who have already been disgraced. Great book!",2018-08-04,0.3455,2018-08-04 03:01:46,58977,9721,13452
